row,col,percent_valid_snow_pixels,s1_rtc_ds_dims,runoff_onsets_dims,tr_2015,tr_2016,tr_2017,tr_2018,tr_2019,tr_2020,tr_2021,tr_2022,tr_2023,tr_2024,pix_ct_2015,pix_ct_2016,pix_ct_2017,pix_ct_2018,pix_ct_2019,pix_ct_2020,pix_ct_2021,pix_ct_2022,pix_ct_2023,pix_ct_2024,start_time,total_time,success,error_messages
12,19,100.0,"{'latitude': 2048, 'longitude': 2048, 'time': 518}","{'water_year': 10, 'latitude': 2048, 'longitude': 2048}",,,15.422,12.317,12.26,13.588,11.428,15.873,,15.373,0,0,566560,4177387,4169162,4174638,4173142,158,0,4174470,1750637673.052935,336.3513011932373,True,[]
13,17,100.0,"{'latitude': 2048, 'longitude': 2048, 'time': 585}","{'water_year': 10, 'latitude': 2048, 'longitude': 2048}",,,9.324,12.187,12.097,11.551,5.767,23.676,,11.616,0,0,4149516,1156287,1154342,4145837,4139335,460,0,4144866,1750637670.2675874,374.98422837257385,True,[]
23,45,100.0,"{'latitude': 2048, 'longitude': 2048, 'time': 1020}","{'water_year': 10, 'latitude': 2048, 'longitude': 2048}",23.734,,5.453,10.231,11.806,4.031,4.206,12.003,12.004,12.369,3812302,0,4109240,4122953,4124878,3850799,3700548,767573,818709,3408256,1750637672.8421283,374.00253438949585,True,[]
12,20,100.0,"{'latitude': 2048, 'longitude': 2048, 'time': 590}","{'water_year': 10, 'latitude': 2048, 'longitude': 2048}",,,,11.175,12.06,12.291,12.064,24.879,,15.689,0,0,0,4163796,4162001,4164626,4160650,160,0,4158604,1750637672.8857737,391.8362808227539,True,[]
23,46,100.0,"{'latitude': 2048, 'longitude': 2048, 'time': 844}","{'water_year': 10, 'latitude': 2048, 'longitude': 2048}",23.665,,7.166,8.544,5.778,3.739,3.722,11.92,12.12,9.198,1166216,0,3905899,3895894,3774845,2757651,2486505,3196400,3923169,2603712,1750637673.110105,397.9315547943115,True,[]
12,23,100.0,"{'latitude': 2048, 'longitude': 2048, 'time': 855}","{'water_year': 10, 'latitude': 2048, 'longitude': 2048}",,,14.256,5.671,9.711,5.47,10.686,11.916,11.376,14.73,0,0,4141901,4145999,4133671,4131884,4145905,1561655,3702249,3133288,1750637670.980185,400.87579441070557,True,[]
23,47,100.0,"{'latitude': 2048, 'longitude': 2048, 'time': 978}","{'water_year': 10, 'latitude': 2048, 'longitude': 2048}",,,8.26,12.9,6.135,4.165,3.854,8.489,7.57,8.945,0,0,2392121,3738424,2880380,1701668,1647552,1950206,3089377,1424662,1750637672.6775074,420.01912093162537,True,[]
12,25,100.0,"{'latitude': 2048, 'longitude': 2048, 'time': 829}","{'water_year': 10, 'latitude': 2048, 'longitude': 2048}",,,,6.727,4.277,4.158,3.743,6.334,6.371,,0,0,0,4093635,4084524,4086906,4087120,4088559,4080609,0,1750637670.1665735,423.38346552848816,True,[]
12,21,100.0,"{'latitude': 2048, 'longitude': 2048, 'time': 823}","{'water_year': 10, 'latitude': 2048, 'longitude': 2048}",,,13.717,6.701,10.816,6.819,11.643,22.963,13.45,13.374,0,0,2767159,4190964,3796771,4190926,3798945,48,2714996,3742366,1750637672.6193469,446.22966480255127,True,[]
13,25,100.0,"{'latitude': 2048, 'longitude': 2048, 'time': 985}","{'water_year': 10, 'latitude': 2048, 'longitude': 2048}",,,13.808,6.527,4.168,4.139,4.198,6.125,6.443,,0,0,293569,4182310,4180240,4179723,4182938,4179960,4181626,0,1750637862.4040246,304.01238775253296,True,[]
24,45,100.0,"{'latitude': 2048, 'longitude': 2048, 'time': 887}","{'water_year': 10, 'latitude': 2048, 'longitude': 2048}",23.969,,8.405,11.822,11.976,6.602,7.594,12.013,12.178,11.363,2767812,0,4111789,1458587,1437235,4025999,3344422,1301172,1752554,3466121,1750638179.5185182,345.32755517959595,True,[]
26,48,100.0,"{'latitude': 2048, 'longitude': 2048, 'time': 838}","{'water_year': 10, 'latitude': 2048, 'longitude': 2048}",23.955,,9.343,12.606,6.377,5.037,4.119,14.756,9.028,16.314,853075,0,3954194,1670217,4158617,4191500,3086478,1461905,4194068,3965312,1750638179.2733154,347.50464367866516,True,[]
27,49,100.0,"{'latitude': 2048, 'longitude': 2048, 'time': 1020}","{'water_year': 10, 'latitude': 2048, 'longitude': 2048}",24.248,,8.648,7.876,6.877,6.971,4.169,11.969,4.441,7.647,2533175,0,4186234,3578310,4192322,4190969,4186151,3673870,4191863,4187105,1750638179.1646338,352.5552508831024,True,[]
26,49,100.0,"{'latitude': 2048, 'longitude': 2048, 'time': 1070}","{'water_year': 10, 'latitude': 2048, 'longitude': 2048}",23.523,,9.637,8.56,9.467,7.292,4.172,11.758,8.727,10.534,1073365,0,3594720,1674639,3927773,4135547,3513996,1892812,4127830,2473645,1750638178.8401484,387.72475934028625,True,[]
26,47,100.0,"{'latitude': 2048, 'longitude': 2048, 'time': 1106}","{'water_year': 10, 'latitude': 2048, 'longitude': 2048}",23.49,,6.108,12.022,12.419,4.163,4.278,12.318,10.032,14.023,17061,0,4170939,691184,4058265,4182096,2305839,3272515,4184043,1217537,1750638178.7371929,388.46725130081177,True,[]
24,47,100.0,"{'latitude': 2048, 'longitude': 2048, 'time': 989}","{'water_year': 10, 'latitude': 2048, 'longitude': 2048}",,,8.652,12.25,7.679,4.056,3.94,8.062,7.478,7.999,0,0,4017508,3052110,3863820,3643621,3282379,3621896,3957483,3401787,1750638179.7562125,393.2046492099762,True,[]
8,12,100.0,"{'latitude': 2048, 'longitude': 2048, 'time': 986}","{'water_year': 10, 'latitude': 2048, 'longitude': 2048}",,,20.13,8.419,4.554,4.71,3.237,4.994,4.721,5.526,0,0,4106567,4184280,4183455,4186128,4185534,4186544,4186181,4185360,1750638179.076192,405.6257977485657,True,[]
25,49,100.0,"{'latitude': 2048, 'longitude': 2048, 'time': 1194}","{'water_year': 10, 'latitude': 2048, 'longitude': 2048}",24.013,,11.747,9.623,11.721,11.077,4.884,11.955,10.138,15.251,2029655,0,3285801,3156095,3197442,3135554,2343192,327445,3924496,897812,1750638180.115741,410.75579833984375,True,[]
22,45,100.0,"{'latitude': 2048, 'longitude': 2048, 'time': 1154}","{'water_year': 10, 'latitude': 2048, 'longitude': 2048}",24.148,,7.982,8.319,9.654,3.757,3.553,19.604,12.447,13.616,3583373,0,3385578,3869517,3840332,3001724,2400259,897,31662,2492957,1750638178.9435587,413.28553080558777,True,[]
24,46,100.0,"{'latitude': 2048, 'longitude': 2048, 'time': 1247}","{'water_year': 10, 'latitude': 2048, 'longitude': 2048}",23.851,,5.713,11.807,9.545,5.117,5.191,11.694,11.781,11.348,1024415,0,3963722,4033426,4050207,3845395,3739938,3779148,4125771,3726780,1750638179.6487973,428.57281732559204,True,[]
11,19,100.0,"{'latitude': 2048, 'longitude': 2048, 'time': 611}","{'water_year': 10, 'latitude': 2048, 'longitude': 2048}",,,15.653,11.931,10.871,12.123,10.78,24.892,,15.241,0,0,814684,4151383,4143836,4150672,4155168,248,0,4154247,1750640833.9167907,379.48273181915283,True,[]
11,21,100.0,"{'latitude': 2048, 'longitude': 2048, 'time': 833}","{'water_year': 10, 'latitude': 2048, 'longitude': 2048}",,,10.952,4.849,6.586,5.046,6.975,17.776,13.169,16.086,0,0,4158540,4166341,4159499,4162862,4164660,165,4140340,4139785,1750640833.7934835,401.983731508255,True,[]
10,23,100.0,"{'latitude': 2048, 'longitude': 2048, 'time': 594}","{'water_year': 10, 'latitude': 2048, 'longitude': 2048}",,,7.695,6.569,13.264,13.238,7.496,16.18,13.568,15.07,0,0,4156718,4155562,3822740,4152058,4153351,175,3936661,3936133,1750640833.3382728,424.23014855384827,True,[]
11,23,100.0,"{'latitude': 2048, 'longitude': 2048, 'time': 860}","{'water_year': 10, 'latitude': 2048, 'longitude': 2048}",,,9.478,6.255,9.648,6.408,10.485,12.072,12.944,15.931,0,0,4150664,4134526,4123853,4136704,4138467,229839,4148148,4138732,1750640833.8271832,432.08232831954956,True,[]
11,22,100.0,"{'latitude': 2048, 'longitude': 2048, 'time': 700}","{'water_year': 10, 'latitude': 2048, 'longitude': 2048}",,,9.486,6.374,11.755,6.526,13.061,22.168,13.232,15.975,0,0,4136668,4130461,4124823,4131033,4134750,409,4135122,4139365,1750640834.104195,534.8821823596954,True,[]
13,23,97.71439242758383,"{'latitude': 2048, 'longitude': 2048, 'time': 641}","{'water_year': 10, 'latitude': 2048, 'longitude': 2048}",,,13.822,7.952,7.821,5.302,8.174,12.076,12.369,,0,0,3952410,3950942,3943066,3945624,3959424,2804183,2812962,0,1750640845.208087,525.054936170578,True,[]
9,20,100.0,"{'latitude': 2048, 'longitude': 2048, 'time': 814}","{'water_year': 10, 'latitude': 2048, 'longitude': 2048}",,,11.181,10.536,9.456,10.337,6.165,12.292,6.964,6.311,0,0,4189550,4189478,4187681,4188559,4188740,4188469,4188609,4188735,1750640836.4130268,546.5769865512848,True,[]
10,22,100.0,"{'latitude': 2048, 'longitude': 2048, 'time': 832}","{'water_year': 10, 'latitude': 2048, 'longitude': 2048}",,,7.299,5.073,12.044,9.704,9.029,15.749,13.661,11.129,0,0,4168117,4163631,2311610,4160400,4163663,341,4162196,4163580,1750640833.5984492,566.1838612556458,True,[]
9,19,100.0,"{'latitude': 2048, 'longitude': 2048, 'time': 798}","{'water_year': 10, 'latitude': 2048, 'longitude': 2048}",,,12.334,11.125,6.997,7.779,9.001,12.402,11.307,7.229,0,0,4187884,4153077,4186835,4187528,3451326,3404457,3451309,4186839,1750640835.662328,585.127613067627,True,[]
25,47,99.99999999999997,"{'latitude': 2048, 'longitude': 2048, 'time': 820}","{'water_year': 10, 'latitude': 2048, 'longitude': 2048}",,,10.264,12.214,9.377,4.241,4.173,9.934,9.169,9.853,0,0,4133608,2011619,4007020,4048901,3923709,3960832,4109105,4053053,1750640837.5085738,599.7548072338104,True,[]
24,44,98.91152055055872,"{'latitude': 2048, 'longitude': 2048, 'time': 905}","{'water_year': 10, 'latitude': 2048, 'longitude': 2048}",23.991,,10.026,,14.112,6.277,6.751,7.958,12.056,9.235,2769456,0,4191630,0,4054,4190532,4095153,1998238,2028446,3605662,1750640842.696988,628.1814954280853,True,[]
14,29,99.5421025394722,"{'latitude': 2048, 'longitude': 2048, 'time': 766}","{'water_year': 10, 'latitude': 2048, 'longitude': 2048}",23.217,24.776,14.056,11.688,11.79,7.924,5.594,12.17,13.866,14.757,3479819,4031699,904120,4100745,4102882,4102008,4107119,3015069,3021206,3011197,1750640840.3447807,670.579820394516,True,[]
25,46,100.0,"{'latitude': 2048, 'longitude': 2048, 'time': 1104}","{'water_year': 10, 'latitude': 2048, 'longitude': 2048}",23.685,,13.102,12.132,11.279,5.018,5.043,10.514,10.627,11.209,72347,0,4125152,3316032,4136054,4154667,4104311,4153304,4161934,3892990,1750640835.2419,682.193591594696,True,[]
11,26,100.0,"{'latitude': 2048, 'longitude': 2048, 'time': 834}","{'water_year': 10, 'latitude': 2048, 'longitude': 2048}",,,18.129,6.312,4.132,4.12,3.065,5.971,6.031,,0,0,4025744,4170465,4169574,4164531,4168863,4172809,4169273,0,1750640834.8109186,708.5915129184723,True,[]
28,49,99.57405577309706,"{'latitude': 2048, 'longitude': 2048, 'time': 1012}","{'water_year': 10, 'latitude': 2048, 'longitude': 2048}",24.575,,9.227,9.255,7.078,7.153,4.257,11.954,4.42,7.443,1487112,0,4065133,3595961,4182799,4129327,4098829,4136862,4158323,3973534,1750640839.2388973,706.4815995693207,True,[]
29,49,99.39948704249105,"{'latitude': 2048, 'longitude': 2048, 'time': 1066}","{'water_year': 10, 'latitude': 2048, 'longitude': 2048}",24.325,,6.82,10.096,6.411,6.422,4.374,11.939,4.846,7.026,868039,0,3912562,2531947,4143903,3978349,4005328,3918015,4001370,3607182,1750640841.4481897,703.1370024681091,True,[]
25,48,100.0,"{'latitude': 2048, 'longitude': 2048, 'time': 834}","{'water_year': 10, 'latitude': 2048, 'longitude': 2048}",24.854,,8.562,12.213,7.646,4.768,4.486,14.657,7.699,9.343,1503585,0,3561658,2723765,3473453,3274191,709912,1223741,4107394,2547253,1750640834.232875,712.4971523284912,True,[]
22,47,98.48683842742274,"{'latitude': 2048, 'longitude': 2048, 'time': 1216}","{'water_year': 10, 'latitude': 2048, 'longitude': 2048}",23.38,,11.499,11.606,5.969,4.471,3.617,8.262,8.291,9.883,7252,0,1963965,3752862,3198940,1642918,276606,718432,3307285,857750,1750640843.9103193,721.0515036582947,True,[]
21,44,100.0,"{'latitude': 2048, 'longitude': 2048, 'time': 1213}","{'water_year': 10, 'latitude': 2048, 'longitude': 2048}",25.346,24.199,6.503,8.282,9.646,3.852,4.102,12.997,11.931,14.913,455573,1789034,3850612,4124587,4121890,3775062,3346227,368986,374397,392397,1750640835.309344,744.5878329277039,True,[]
24,49,99.87575328970699,"{'latitude': 2048, 'longitude': 2048, 'time': 1057}","{'water_year': 10, 'latitude': 2048, 'longitude': 2048}",22.389,,11.277,8.376,11.792,9.199,4.804,13.056,10.456,14.212,2574756,0,4179733,3942366,3302468,1981772,1640033,700593,4152676,801691,1750640837.699431,749.242283821106,True,[]
13,20,87.7604639578957,"{'latitude': 2048, 'longitude': 2048, 'time': 594}","{'water_year': 10, 'latitude': 2048, 'longitude': 2048}",,,,12.131,12.02,10.619,12.135,24.942,,16.847,0,0,0,3251382,3247662,3632283,3251494,1254,0,3244479,1750641619.1169796,315.8303952217102,True,[]
15,31,87.82793410030038,"{'latitude': 2048, 'longitude': 2048, 'time': 629}","{'water_year': 10, 'latitude': 2048, 'longitude': 2048}",13.145,,22.952,6.812,6.631,4.257,4.402,12.27,13.931,16.607,3642746,0,91497,3674796,3669160,3667143,3665688,3663773,3661034,3657116,1750641613.198292,325.46891355514526,True,[]
13,21,83.83272548209963,"{'latitude': 2048, 'longitude': 2048, 'time': 769}","{'water_year': 10, 'latitude': 2048, 'longitude': 2048}",,,13.813,12.879,12.345,12.433,13.23,24.928,,16.413,0,0,671419,890557,810643,3451452,814232,1831,0,141189,1750641620.5010717,403.599915266037,True,[]
25,45,81.82065256618381,"{'latitude': 2048, 'longitude': 2048, 'time': 697}","{'water_year': 10, 'latitude': 2048, 'longitude': 2048}",23.812,,14.793,12.147,11.844,7.232,7.799,11.834,12.034,10.724,835692,0,2515810,175352,2453820,4024477,2741806,2510490,2608063,2099830,1750641620.8187804,424.539005279541,True,[]
22,43,82.46776370076043,"{'latitude': 2048, 'longitude': 2048, 'time': 841}","{'water_year': 10, 'latitude': 2048, 'longitude': 2048}",,23.878,5.817,6.485,7.31,3.63,3.546,12.76,11.994,,0,3617407,4066188,3972522,4066780,3695842,3627682,4050934,4058846,0,1750641620.9348629,432.63472843170166,True,[]
24,51,96.4513906948631,"{'latitude': 2048, 'longitude': 2048, 'time': 786}","{'water_year': 10, 'latitude': 2048, 'longitude': 2048}",,,7.528,5.574,,3.66,4.51,7.733,7.266,7.278,0,0,4125306,4083158,0,1864099,635796,718210,2609055,467794,1750641609.6313698,560.2844290733337,True,[]
27,43,81.97280943343428,"{'latitude': 2048, 'longitude': 2048, 'time': 762}","{'water_year': 10, 'latitude': 2048, 'longitude': 2048}",23.942,,17.948,7.266,6.852,4.499,4.18,12.014,11.944,9.559,212381,0,3352868,355746,3821558,2234657,1894000,2140509,4137577,2280431,1750641620.9072876,582.2142462730408,True,[]
21,43,97.31887252543537,"{'latitude': 2048, 'longitude': 2048, 'time': 1092}","{'water_year': 10, 'latitude': 2048, 'longitude': 2048}",,23.826,6.271,7.221,7.482,3.608,3.639,12.664,12.178,15.677,0,4013400,4157083,4145658,4142439,3919445,3802642,1355054,1540499,171115,1750641607.1373358,628.1119585037231,True,[]
26,46,92.1700649641389,"{'latitude': 2048, 'longitude': 2048, 'time': 856}","{'water_year': 10, 'latitude': 2048, 'longitude': 2048}",,,5.358,11.976,12.316,4.241,4.358,9.369,9.371,13.449,0,0,4004527,2563120,4052411,4058404,3671918,3971199,4102760,3880777,1750641611.0244782,624.7589786052704,True,[]
24,43,88.69160151055338,"{'latitude': 2048, 'longitude': 2048, 'time': 1117}","{'water_year': 10, 'latitude': 2048, 'longitude': 2048}",,24.393,10.921,10.289,10.501,4.542,4.305,8.065,9.691,9.611,0,2143723,4082208,1855910,2231734,3896105,3881832,3437446,3460609,3013605,1750641612.5617115,629.2548310756683,True,[]
29,50,92.6378664597554,"{'latitude': 2048, 'longitude': 2048, 'time': 1019}","{'water_year': 10, 'latitude': 2048, 'longitude': 2048}",,,8.896,8.771,8.452,7.534,6.606,10.01,4.861,7.939,0,0,2880821,440456,3037157,2973847,2726393,1918915,1146539,1855500,1750641611.4498684,634.2891118526459,True,[]
28,50,90.63511445070833,"{'latitude': 2048, 'longitude': 2048, 'time': 1013}","{'water_year': 10, 'latitude': 2048, 'longitude': 2048}",,,9.761,9.809,8.686,7.951,5.292,8.453,4.493,8.062,0,0,2479118,1074856,3122448,2871978,2842713,3313933,3100867,2900258,1750641611.5504694,656.4955797195435,True,[]
24,48,96.74697382106784,"{'latitude': 2048, 'longitude': 2048, 'time': 846}","{'water_year': 10, 'latitude': 2048, 'longitude': 2048}",23.662,,9.434,12.195,10.19,5.434,3.661,14.598,7.773,9.355,1501775,0,3753523,2216461,2039129,805433,536416,1157411,2869310,694055,1750641609.7378795,666.1621868610382,True,[]
26,50,85.03165837020927,"{'latitude': 2048, 'longitude': 2048, 'time': 1237}","{'water_year': 10, 'latitude': 2048, 'longitude': 2048}",23.433,,13.552,5.932,11.815,5.85,4.1,10.755,10.204,11.87,114129,0,2407750,1559393,892656,3232862,2297025,2920088,3177960,2344087,1750641619.6953259,659.03227186203,True,[]
23,44,97.03228205107821,"{'latitude': 2048, 'longitude': 2048, 'time': 1117}","{'water_year': 10, 'latitude': 2048, 'longitude': 2048}",23.709,23.545,5.906,10.959,12.562,5.863,6.161,13.951,12.562,13.597,1966545,305,4174322,2657565,2754473,3871955,3674253,342,327,1939021,1750641608.0606594,673.681444644928,True,[]
27,50,80.63053774407224,"{'latitude': 2048, 'longitude': 2048, 'time': 992}","{'water_year': 10, 'latitude': 2048, 'longitude': 2048}",,,11.91,8.317,10.673,7.568,4.889,9.695,4.377,8.27,0,0,2313132,1940699,2461148,2717200,2161577,3334212,3520675,2331749,1750641621.17952,662.4797883033752,True,[]
22,44,87.74394681508304,"{'latitude': 2048, 'longitude': 2048, 'time': 1234}","{'water_year': 10, 'latitude': 2048, 'longitude': 2048}",23.869,23.801,6.384,8.634,10.389,4.098,4.431,12.951,12.039,14.542,1146892,607165,4001324,3632757,4014039,3047572,3026640,648259,646541,1191221,1750641619.7200158,675.8024642467499,True,[]
21,40,93.07651381661317,"{'latitude': 2048, 'longitude': 2048, 'time': 1183}","{'water_year': 10, 'latitude': 2048, 'longitude': 2048}",23.739,,,5.941,5.605,3.772,3.926,24.403,4.917,13.368,6,0,0,4065020,4076307,3967894,3935944,240,4123720,3781355,1750641609.9782298,694.6280770301819,True,[]
21,42,88.45842354158783,"{'latitude': 2048, 'longitude': 2048, 'time': 1090}","{'water_year': 10, 'latitude': 2048, 'longitude': 2048}",,24.139,11.274,4.525,4.63,3.535,3.405,12.401,10.578,17.028,0,3553507,3691351,3996763,3995778,3962200,3919134,1616833,3660915,3281131,1750641612.399938,704.7017858028412,True,[]
21,41,89.42450620890571,"{'latitude': 2048, 'longitude': 2048, 'time': 1431}","{'water_year': 10, 'latitude': 2048, 'longitude': 2048}",,24.53,8.62,5.788,4.925,3.894,3.927,14.163,8.556,16.777,0,8887,12045,4056113,4051963,3885274,3884942,11408,4047213,3508174,1750641611.6922667,709.7123765945435,True,[]
13,19,74.9376765374706,"{'latitude': 2048, 'longitude': 2048, 'time': 522}","{'water_year': 10, 'latitude': 2048, 'longitude': 2048}",,,15.508,12.136,12.011,13.483,9.525,20.018,,16.038,0,0,1296574,3088682,3079146,3090976,3089483,1033,0,3086532,1750642337.637024,367.49647760391235,True,[]
25,44,77.90142346225647,"{'latitude': 2048, 'longitude': 2048, 'time': 882}","{'water_year': 10, 'latitude': 2048, 'longitude': 2048}",24.03,,14.488,12.125,12.185,4.528,4.568,7.042,12.028,6.319,2528699,0,2915020,815807,1507918,3671292,3119207,3523800,2472737,2961163,1750642335.6628647,372.73116159439087,True,[]
14,19,58.55255171341555,"{'latitude': 2048, 'longitude': 2048, 'time': 527}","{'water_year': 10, 'latitude': 2048, 'longitude': 2048}",,,15.606,13.63,14.202,15.146,8.318,21.259,,16.467,0,0,1641245,2344674,2327119,2348200,2358736,1954,0,2361669,1750642346.999792,369.31126832962036,True,[]
27,46,76.65902834659589,"{'latitude': 2048, 'longitude': 2048, 'time': 822}","{'water_year': 10, 'latitude': 2048, 'longitude': 2048}",,,4.582,11.949,13.338,3.807,3.875,7.897,7.97,14.579,0,0,3391492,2124036,3322947,3292930,2894159,3123766,3704898,2886858,1750642336.8633764,394.562392950058,True,[]
15,30,70.08945789845446,"{'latitude': 2048, 'longitude': 2048, 'time': 792}","{'water_year': 10, 'latitude': 2048, 'longitude': 2048}",13.646,24.4,23.826,12.663,12.098,6.038,6.357,12.143,13.547,15.844,3021346,6927,303505,3065903,3048401,3054018,3039126,3057473,3034687,3029339,1750642337.3090081,394.8540165424347,True,[]
23,43,67.17127647948246,"{'latitude': 2048, 'longitude': 2048, 'time': 886}","{'water_year': 10, 'latitude': 2048, 'longitude': 2048}",,24.11,6.628,10.712,12.141,5.385,5.159,12.928,11.985,15.893,0,2614842,4120975,2692360,3256164,3452942,3201599,3435394,3210230,2659765,1750642337.649862,434.1356575489044,True,[]
29,48,59.31233270013667,"{'latitude': 2048, 'longitude': 2048, 'time': 1012}","{'water_year': 10, 'latitude': 2048, 'longitude': 2048}",23.925,,5.318,9.014,5.562,4.97,4.705,12.031,5.483,5.671,1514101,0,1961056,1107300,3119998,2382558,2038942,903789,3227508,1655962,1750642346.6148682,472.8228089809418,True,[]
26,44,61.760727457677724,"{'latitude': 2048, 'longitude': 2048, 'time': 954}","{'water_year': 10, 'latitude': 2048, 'longitude': 2048}",23.637,,18.401,12.126,12.076,4.511,4.438,9.172,12.207,9.793,414286,0,1522885,235642,1018487,2647289,1425889,2459604,1164414,1892237,1750642345.4625654,489.031854391098,True,[]
25,51,56.3851054920586,"{'latitude': 2048, 'longitude': 2048, 'time': 784}","{'water_year': 10, 'latitude': 2048, 'longitude': 2048}",,,10.222,6.423,,3.847,5.953,6.394,4.939,5.009,0,0,2770655,3576460,0,1611428,1189889,787700,1545490,339376,1750642347.466154,539.2395281791687,True,[]
28,46,64.87497204643145,"{'latitude': 2048, 'longitude': 2048, 'time': 818}","{'water_year': 10, 'latitude': 2048, 'longitude': 2048}",,,7.008,11.905,11.974,3.658,3.947,7.791,7.9,13.873,0,0,2307794,1076253,2440560,2250527,2575883,2544097,3368971,1801350,1750642345.4764407,603.3275866508484,True,[]
24,42,65.52537921985248,"{'latitude': 2048, 'longitude': 2048, 'time': 1376}","{'water_year': 10, 'latitude': 2048, 'longitude': 2048}",,24.029,11.422,5.943,6.816,4.497,4.409,11.092,10.928,14.656,0,3069645,3954110,1644498,3287294,2874043,2771235,3817797,3613212,1992515,1750642344.2860794,707.3941493034363,True,[]
24,41,60.93059610314946,"{'latitude': 2048, 'longitude': 2048, 'time': 1183}","{'water_year': 10, 'latitude': 2048, 'longitude': 2048}",,24.222,5.998,6.273,5.959,4.824,4.948,10.779,11.975,11.953,0,2015128,3408120,1908594,2833454,2520136,2485650,2372796,2246817,2147590,1750642345.609493,712.8196225166321,True,[]
27,47,79.73152626600721,"{'latitude': 2048, 'longitude': 2048, 'time': 1172}","{'water_year': 10, 'latitude': 2048, 'longitude': 2048}",23.483,,6.122,12.139,10.083,4.611,4.698,14.144,9.071,13.409,160354,0,3520396,291554,2433822,3570675,3018189,2448195,4163308,589200,1750642336.6734426,722.9729628562927,True,[]
21,39,68.698684010087,"{'latitude': 2048, 'longitude': 2048, 'time': 1210}","{'water_year': 10, 'latitude': 2048, 'longitude': 2048}",26.945,,14.308,6.694,5.1,3.668,3.705,,3.648,8.167,176,0,4946,3495742,3435193,3507503,3415065,0,3622600,3304557,1750642337.8836677,722.4536216259003,True,[]
25,39,64.58035945377799,"{'latitude': 2048, 'longitude': 2048, 'time': 1819}","{'water_year': 10, 'latitude': 2048, 'longitude': 2048}",22.686,,5.425,11.019,4.374,4.124,3.787,5.604,5.383,10.426,1862763,0,4020951,2464412,3641272,3298622,3169304,3542524,3808466,2959127,1750642344.8515682,716.7760820388794,True,[]
22,40,67.03899787498021,"{'latitude': 2048, 'longitude': 2048, 'time': 1410}","{'water_year': 10, 'latitude': 2048, 'longitude': 2048}",,,,9.272,7.588,4.937,4.948,24.255,11.425,18.083,0,0,0,3646604,3796955,2859283,3310814,102,3947972,2688623,1750642337.6316915,725.1365537643433,True,[]
26,40,58.0831628866938,"{'latitude': 2048, 'longitude': 2048, 'time': 1517}","{'water_year': 10, 'latitude': 2048, 'longitude': 2048}",23.025,23.437,5.023,9.185,4.91,2.775,2.657,4.547,4.333,9.063,436374,179625,3585205,971803,2518407,1597240,1584946,2083408,3729535,1385970,1750642347.065802,720.8198010921478,True,[]
26,43,77.55165708547305,"{'latitude': 2048, 'longitude': 2048, 'time': 1248}","{'water_year': 10, 'latitude': 2048, 'longitude': 2048}",23.988,21.924,17.79,8.308,7.438,3.212,3.231,7.388,11.68,7.836,183042,187291,3732675,657077,2913626,2984408,1957908,3209327,3498908,2351788,1750642336.6125064,732.9901919364929,True,[]
28,48,68.8298748009919,"{'latitude': 2048, 'longitude': 2048, 'time': 1406}","{'water_year': 10, 'latitude': 2048, 'longitude': 2048}",23.615,,11.636,11.728,6.145,5.698,5.306,13.99,5.81,6.752,1565262,0,2459364,1368218,3170295,2540778,2412641,501544,3258601,2102840,1750642337.2443206,747.35919880867,True,[]
29,41,60.52094397089275,"{'latitude': 2048, 'longitude': 2048, 'time': 1769}","{'water_year': 10, 'latitude': 2048, 'longitude': 2048}",19.809,10.592,5.258,11.307,6.723,2.289,2.221,4.993,4.652,9.05,1084850,2469843,2830994,1561642,2805778,2137240,2218595,3082348,3198178,2477826,1750642346.7048516,741.8105807304382,True,[]
14,20,45.506422364314155,"{'latitude': 2048, 'longitude': 2048, 'time': 565}","{'water_year': 10, 'latitude': 2048, 'longitude': 2048}",,,25.948,13.29,13.136,11.462,12.812,25.086,,15.601,0,0,128658,1353203,1342678,1849598,1361866,1249,0,1360181,1750643103.8840683,325.22083592414856,True,[]
27,44,45.30314501295815,"{'latitude': 2048, 'longitude': 2048, 'time': 1013}","{'water_year': 10, 'latitude': 2048, 'longitude': 2048}",23.576,,18.837,12.16,12.255,6.778,6.309,12.115,12.113,12.068,193208,0,1098605,63276,763916,1852928,627493,337107,910717,1077441,1750643103.9677951,477.60178804397583,True,[]
22,42,34.00135037657009,"{'latitude': 2048, 'longitude': 2048, 'time': 934}","{'water_year': 10, 'latitude': 2048, 'longitude': 2048}",,23.698,12.194,5.572,5.746,3.826,3.633,13.53,10.685,19.763,0,2136891,4063657,2429080,3919659,2047611,1990048,3201276,3554988,577009,1750643106.6446805,476.09917640686035,True,[]
26,45,45.80886499882506,"{'latitude': 2048, 'longitude': 2048, 'time': 1038}","{'water_year': 10, 'latitude': 2048, 'longitude': 2048}",23.572,,12.574,12.083,12.223,5.788,5.663,11.849,12.088,9.163,272169,0,2594709,355142,2440087,3144172,1956933,2355216,2789701,1715650,1750643103.63182,542.6650342941284,True,[]
28,47,28.66185312252884,"{'latitude': 2048, 'longitude': 2048, 'time': 904}","{'water_year': 10, 'latitude': 2048, 'longitude': 2048}",23.331,,5.48,12.212,7.381,4.396,4.468,14.799,8.002,8.091,516074,0,1277374,163157,1051182,1509105,1598970,1371741,2294863,561380,1750643107.046085,549.9895236492157,True,[]
29,45,34.30837944942983,"{'latitude': 2048, 'longitude': 2048, 'time': 1117}","{'water_year': 10, 'latitude': 2048, 'longitude': 2048}",23.654,,17.509,12.032,11.817,5.086,5.299,11.041,11.775,13.732,2410,0,1530511,593157,2232126,1616239,1004564,1795518,3206314,1324740,1750643107.016573,565.8904728889465,True,[]
28,43,50.618584658102094,"{'latitude': 2048, 'longitude': 2048, 'time': 957}","{'water_year': 10, 'latitude': 2048, 'longitude': 2048}",23.741,,18.208,5.754,6.304,4.157,4.039,10.896,12.089,9.546,93621,0,2391775,240899,2883690,2039927,1229416,2471088,3347969,1502854,1750643105.0913436,593.8568699359894,True,[]
22,39,39.43916850105763,"{'latitude': 2048, 'longitude': 2048, 'time': 978}","{'water_year': 10, 'latitude': 2048, 'longitude': 2048}",26.709,,,7.605,4.372,3.264,3.353,,4.43,5.493,42,0,0,2090408,2401567,2518664,2283126,0,2700388,2424975,1750643105.7803872,598.035608291626,True,[]
23,39,48.30944597554947,"{'latitude': 2048, 'longitude': 2048, 'time': 1300}","{'water_year': 10, 'latitude': 2048, 'longitude': 2048}",26.72,,11.014,9.118,4.475,3.469,3.586,12.801,4.772,6.581,65,0,3567900,2745229,3109162,3072072,3055366,2390170,3494145,3125806,1750643103.707247,604.192193031311,True,[]
28,44,41.4248666719658,"{'latitude': 2048, 'longitude': 2048, 'time': 1319}","{'water_year': 10, 'latitude': 2048, 'longitude': 2048}",23.754,,19.784,11.475,12.307,9.945,8.382,11.982,12.265,14.251,362442,0,82577,151967,308951,1419991,747990,1050452,765226,1303380,1750643105.2258363,665.8882892131805,True,[]
25,43,43.89736764207497,"{'latitude': 2048, 'longitude': 2048, 'time': 1328}","{'water_year': 10, 'latitude': 2048, 'longitude': 2048}",23.661,23.556,13.727,11.046,10.966,3.106,2.959,5.617,10.613,5.962,52023,338458,2922507,833681,1346969,1837272,1835215,2695799,2320541,1727929,1750643104.9800396,679.1632266044617,True,[]
30,50,45.44830935170042,"{'latitude': 2048, 'longitude': 2048, 'time': 1177}","{'water_year': 10, 'latitude': 2048, 'longitude': 2048}",,,10.181,10.452,9.052,9.274,9.041,9.746,5.265,10.578,0,0,1373102,332632,1720219,1888220,1524984,1468455,1574898,1686484,1750643103.981168,682.051717042923,True,[]
28,42,44.1327686062318,"{'latitude': 2048, 'longitude': 2048, 'time': 1199}","{'water_year': 10, 'latitude': 2048, 'longitude': 2048}",,24.445,10.394,5.404,5.275,3.529,3.254,7.695,7.204,9.318,0,1546067,2473039,352722,2091754,1720802,1235727,2080858,3578643,1567499,1750643104.8020933,685.9227890968323,True,[]
26,41,42.4190467263631,"{'latitude': 2048, 'longitude': 2048, 'time': 1058}","{'water_year': 10, 'latitude': 2048, 'longitude': 2048}",,22.815,5.185,4.93,6.589,3.172,3.007,5.267,4.651,16.357,0,2257382,3134034,193853,1761787,1053107,822453,1237764,3006063,792769,1750643105.1288488,687.367470741272,True,[]
25,41,44.227272484651984,"{'latitude': 2048, 'longitude': 2048, 'time': 1046}","{'water_year': 10, 'latitude': 2048, 'longitude': 2048}",,22.564,5.653,5.387,3.477,3.11,2.972,6.108,7.156,10.138,0,2458346,3918250,899950,1955115,1868076,1603436,1953886,3978901,1488476,1750643104.1668208,705.3798363208771,True,[]
30,49,35.75130193983894,"{'latitude': 2048, 'longitude': 2048, 'time': 1209}","{'water_year': 10, 'latitude': 2048, 'longitude': 2048}",23.015,,6.268,10.966,6.381,5.817,4.327,11.548,9.112,11.495,1806,0,1178749,238301,1936806,1621464,1420801,1593511,2402593,1269196,1750643105.910242,706.4401206970215,True,[]
27,40,35.49830780028547,"{'latitude': 2048, 'longitude': 2048, 'time': 1663}","{'water_year': 10, 'latitude': 2048, 'longitude': 2048}",24.025,23.445,5.042,11.682,4.32,3.323,3.158,5.56,5.153,6.15,276205,310183,2283071,811095,2460443,1064387,1563865,2481636,2898002,1427750,1750643106.031206,731.6405169963837,True,[]
28,40,31.273003052058478,"{'latitude': 2048, 'longitude': 2048, 'time': 1405}","{'water_year': 10, 'latitude': 2048, 'longitude': 2048}",21.564,17.76,4.791,9.327,3.76,2.399,2.433,5.137,4.881,6.261,1284927,2144460,2348703,1820045,2459269,1903578,2152245,2458927,2943020,2031442,1750643106.6595454,731.9993965625763,True,[]
22,41,34.78072308052171,"{'latitude': 2048, 'longitude': 2048, 'time': 1425}","{'water_year': 10, 'latitude': 2048, 'longitude': 2048}",,23.211,13.876,5.267,5.228,4.695,4.777,13.894,11.343,17.284,0,128520,602826,2223856,2901935,1124879,1426556,310826,2045540,491237,1750643106.6301358,733.4241888523102,True,[]
26,42,55.18415504626921,"{'latitude': 2048, 'longitude': 2048, 'time': 1386}","{'water_year': 10, 'latitude': 2048, 'longitude': 2048}",,22.014,8.223,4.35,4.821,3.422,3.403,6.559,6.503,12.022,0,3071420,3287806,299731,2254623,1857673,819390,2092333,3148384,1416295,1750643102.8162925,760.660980463028,True,[]
29,46,26.083176258318442,"{'latitude': 2048, 'longitude': 2048, 'time': 826}","{'water_year': 10, 'latitude': 2048, 'longitude': 2048}",,,6.92,12.046,11.826,3.899,4.011,7.697,7.444,12.565,0,0,947761,330139,1356277,1157985,769061,905705,1840215,766457,1750643883.2876744,334.1468632221222,True,[]
28,45,15.761465276703435,"{'latitude': 2048, 'longitude': 2048, 'time': 862}","{'water_year': 10, 'latitude': 2048, 'longitude': 2048}",25.326,,19.108,12.161,11.56,5.561,5.786,11.644,12.259,11.9,36041,0,871775,327676,1693529,564633,604138,758095,2795024,569231,1750643888.3187842,361.5658333301544,True,[]
27,45,7.394090722095164,"{'latitude': 2048, 'longitude': 2048, 'time': 882}","{'water_year': 10, 'latitude': 2048, 'longitude': 2048}",23.81,,13.309,12.055,12.401,5.491,6.253,11.915,12.104,13.737,17282,0,1003094,147251,1587670,571388,335893,382075,2204107,360590,1750643890.15994,461.505366563797,True,[]
30,48,4.155903591400091,"{'latitude': 2048, 'longitude': 2048, 'time': 930}","{'water_year': 10, 'latitude': 2048, 'longitude': 2048}",23.827,,5.149,12.575,8.631,5.518,4.878,12.025,11.183,13.924,446201,0,307528,71420,787999,573104,178188,54760,967133,537937,1750643894.7920933,473.87530875205994,True,[]
23,42,22.545182797103152,"{'latitude': 2048, 'longitude': 2048, 'time': 790}","{'water_year': 10, 'latitude': 2048, 'longitude': 2048}",,24.047,11.222,5.48,6.346,4.134,4.077,13.225,12.015,15.886,0,1225939,3549229,916192,2208092,1270314,1218971,1768170,1769482,1022051,1750643886.3882463,499.0135660171509,True,[]
27,42,21.960113712199135,"{'latitude': 2048, 'longitude': 2048, 'time': 1066}","{'water_year': 10, 'latitude': 2048, 'longitude': 2048}",,23.834,10.805,4.689,5.169,4.634,4.193,8.212,7.477,10.957,0,2132503,1144953,81962,1518793,411342,646929,778489,2359475,724787,1750643886.216372,590.5811307430267,True,[]
29,44,5.9063425027985,"{'latitude': 2048, 'longitude': 2048, 'time': 1044}","{'water_year': 10, 'latitude': 2048, 'longitude': 2048}",23.31,,20.132,7.292,11.677,3.634,3.324,7.812,12.229,9.903,20126,0,697,23565,773856,459760,171881,992031,1043281,497515,1750643894.0922189,595.0267300605774,True,[]
24,40,18.16041370437683,"{'latitude': 2048, 'longitude': 2048, 'time': 1221}","{'water_year': 10, 'latitude': 2048, 'longitude': 2048}",25.819,,5.599,8.091,7.711,5.879,6.196,9.937,8.914,13.985,110734,0,2970437,356008,823668,604817,734743,737866,842877,708440,1750643886.733933,624.2412347793579,True,[]
24,39,22.337657037115868,"{'latitude': 2048, 'longitude': 2048, 'time': 1544}","{'water_year': 10, 'latitude': 2048, 'longitude': 2048}",25.001,,8.261,9.664,5.047,4.762,4.782,9.552,5.031,8.989,1108886,0,3458319,1648067,2185491,2067051,2041847,2125625,2462377,2063181,1750643885.3550901,677.4903750419617,True,[]
23,40,13.128600489328607,"{'latitude': 2048, 'longitude': 2048, 'time': 1258}","{'water_year': 10, 'latitude': 2048, 'longitude': 2048}",,,7.818,15.35,6.863,4.25,4.506,15.882,9.189,10.224,0,0,3396670,412078,1123647,441049,512449,228352,1293668,623333,1750643888.578835,700.6502346992493,True,[]
26,38,9.92111935923392,"{'latitude': 2048, 'longitude': 2048, 'time': 1465}","{'water_year': 10, 'latitude': 2048, 'longitude': 2048}",22.881,,4.773,7.84,6.595,6.218,3.042,4.276,4.523,6.916,113289,0,2108548,1346426,1590717,1119795,1537773,1739405,2206330,1284069,1750643889.4620428,709.0097289085388,True,[]
27,39,10.729134698426206,"{'latitude': 2048, 'longitude': 2048, 'time': 1305}","{'water_year': 10, 'latitude': 2048, 'longitude': 2048}",24.16,,3.713,7.332,3.437,3.107,2.511,4.026,3.941,6.094,553249,0,2013209,1117597,1669595,1346676,1577765,1860193,2171432,1393036,1750643889.5784864,714.4912233352661,True,[]
29,47,5.107317519131982,"{'latitude': 2048, 'longitude': 2048, 'time': 1071}","{'water_year': 10, 'latitude': 2048, 'longitude': 2048}",23.256,,4.623,12.032,10.292,4.078,3.786,14.307,6.594,15.032,262161,0,420851,100056,853520,512485,380039,260728,1453074,254707,1750643895.1361368,745.678991317749,True,[]
30,41,18.1388334408581,"{'latitude': 2048, 'longitude': 2048, 'time': 1457}","{'water_year': 10, 'latitude': 2048, 'longitude': 2048}",22.492,10.728,5.735,6.853,5.473,2.077,1.991,4.136,3.943,7.109,137597,1118491,1162061,662149,1141525,1018286,891174,1067382,1271673,1081027,1750643887.8697684,788.1447184085846,True,[]
26,39,25.778693754464378,"{'latitude': 2048, 'longitude': 2048, 'time': 1510}","{'water_year': 10, 'latitude': 2048, 'longitude': 2048}",22.582,,4.753,11.066,4.01,3.7,2.771,4.465,4.31,9.34,702136,0,2908597,1247754,2325807,1770186,1853058,2364313,3036056,1487522,1750643884.6160522,790.4996480941772,True,[]
27,38,6.155998322519497,"{'latitude': 2048, 'longitude': 2048, 'time': 1460}","{'water_year': 10, 'latitude': 2048, 'longitude': 2048}",23.488,,4.561,9.219,8.565,8.204,3.276,4.778,4.713,9.421,332,0,1576529,802926,1215819,854373,1195452,1409135,1792486,1026428,1750643894.2441506,780.1136250495911,True,[]
22,38,12.442422115135132,"{'latitude': 2048, 'longitude': 2048, 'time': 1399}","{'water_year': 10, 'latitude': 2048, 'longitude': 2048}",27.396,13.936,7.83,7.517,6.036,4.548,3.557,24.258,4.541,4.832,15088,1261800,1516940,1524765,1658118,1799521,1562543,15481,1914133,1727999,1750643889.4133973,789.3324406147003,True,[]
28,41,11.26429514597842,"{'latitude': 2048, 'longitude': 2048, 'time': 1926}","{'water_year': 10, 'latitude': 2048, 'longitude': 2048}",20.96,17.015,4.516,10.966,7.062,2.414,2.178,4.925,4.675,9.386,40427,650529,442201,128439,624592,264385,368782,596075,1470091,480479,1750643889.5826237,790.8870589733124,True,[]
29,40,9.608357716475355,"{'latitude': 2048, 'longitude': 2048, 'time': 1784}","{'water_year': 10, 'latitude': 2048, 'longitude': 2048}",21.374,6.149,3.829,7.572,3.374,1.883,1.897,4.027,3.976,6.7,399931,756288,645817,459539,641354,523177,608655,682712,743827,594577,1750643890.863352,821.1285231113434,True,[]
25,42,14.071475066520131,"{'latitude': 2048, 'longitude': 2048, 'time': 1641}","{'water_year': 10, 'latitude': 2048, 'longitude': 2048}",,22.761,12.718,4.206,5.787,4.045,3.971,9.67,9.544,8.569,0,1856487,3479716,210178,684432,685425,516884,1688503,2955118,535460,1750643888.3845136,825.3708527088165,True,[]
31,47,2.6895659285101905,"{'latitude': 2048, 'longitude': 2048, 'time': 817}","{'water_year': 10, 'latitude': 2048, 'longitude': 2048}",24.472,,6.221,12.154,11.803,6.624,6.034,15.219,11.152,16.187,130527,0,206143,21706,283498,276723,163332,860,616951,296608,1750644733.8201637,314.96761679649353,True,[]
25,38,2.7091698767711545,"{'latitude': 2048, 'longitude': 2048, 'time': 1232}","{'water_year': 10, 'latitude': 2048, 'longitude': 2048}",23.786,,4.254,8.587,6.215,6.217,3.647,5.337,4.351,5.592,448128,0,1304578,712189,1356203,976132,1235949,1159904,1910121,1241661,1750644732.361985,321.4302089214325,True,[]
31,48,1.9505524608686204,"{'latitude': 2048, 'longitude': 2048, 'time': 860}","{'water_year': 10, 'latitude': 2048, 'longitude': 2048}",23.425,,3.55,8.793,5.123,3.891,4.072,11.852,9.242,8.552,323354,0,148687,917,769619,420876,31658,287238,1121491,868748,1750644735.4538262,332.42595624923706,True,[]
32,48,1.4738714603845395,"{'latitude': 2048, 'longitude': 2048, 'time': 859}","{'water_year': 10, 'latitude': 2048, 'longitude': 2048}",23.55,,4.38,6.011,7.927,4.693,4.051,12.226,9.389,9.471,93630,0,112064,2109,121904,173268,18793,49181,636087,519861,1750644736.552748,332.0464541912079,True,[]
32,47,2.5001234578947207,"{'latitude': 2048, 'longitude': 2048, 'time': 934}","{'water_year': 10, 'latitude': 2048, 'longitude': 2048}",23.962,,5.941,12.045,11.794,6.542,5.978,19.369,11.694,15.715,129620,0,211418,11888,294293,255923,70882,11,541121,373490,1750644734.608141,334.60397958755493,True,[]
31,46,0.5668105922891405,"{'latitude': 2048, 'longitude': 2048, 'time': 1190}","{'water_year': 10, 'latitude': 2048, 'longitude': 2048}",,,13.594,,11.967,5.809,6.594,14.613,10.745,13.644,0,0,19164,0,77229,282295,152759,432879,1470253,604909,1750644736.643735,345.8622536659241,True,[]
32,50,0.3527407360469402,"{'latitude': 2048, 'longitude': 2048, 'time': 1207}","{'water_year': 10, 'latitude': 2048, 'longitude': 2048}",,,7.014,6.055,7.093,6.283,9.314,12.109,5.989,7.63,0,0,66710,897,44858,83291,3593,77426,169286,93816,1750644738.1011128,395.49357080459595,True,[]
30,43,0.48759131924390803,"{'latitude': 2048, 'longitude': 2048, 'time': 1321}","{'water_year': 10, 'latitude': 2048, 'longitude': 2048}",23.567,,21.321,6.0,11.669,3.796,3.695,11.476,12.242,12.983,28258,0,99558,26377,107262,108316,38806,104204,14573,133914,1750644736.8417678,398.36282444000244,True,[]
28,38,0.06245711222325683,"{'latitude': 2048, 'longitude': 2048, 'time': 1126}","{'water_year': 10, 'latitude': 2048, 'longitude': 2048}",,,4.682,11.808,10.738,11.582,3.217,5.324,4.454,11.323,0,0,210909,83276,157596,75905,113630,127056,301959,121147,1750644739.5321229,414.1809923648834,True,[]
24,38,0.1524081233061591,"{'latitude': 2048, 'longitude': 2048, 'time': 1232}","{'water_year': 10, 'latitude': 2048, 'longitude': 2048}",25.071,12.155,5.43,10.613,7.85,7.378,4.582,10.187,4.827,5.418,152468,42660,796321,279094,579616,759549,544144,500840,1134168,955356,1750644739.0590746,419.5101354122162,True,[]
